URL,url_length,num_digits,num_special_chars,num_subdomains,https
http://secure-sso--blockfi-ppp-cdn.webflow.io/,46,0,11,2,0
http://netflix-clone-9421c.firebaseapp.com/,43,4,8,2,0
http://plain-polydactyl-canid.glitch.me/,40,0,8,2,0
http://netzerioih.weebly.com/,29,0,6,2,0
https://talkta1k2.weebly.com/,29,2,6,2,1
https://e-zpassny.com-lqd.cc/us/,32,0,9,2,1
https://steamcommuniuty.com/id/luvmoons,39,0,6,1,1
http://amazon-replica.vercel.app/,33,0,7,2,0
https://steamcmunity.com/tradeoffer/new/?partner=10897263342&token=hL5xBGgK,75,12,11,1,1
https://mettaomask-wwllat.gitbook.io/,37,0,7,2,1
http://likesattmail.weebly.com/,31,0,6,2,0
https://ezpass.com-ezud.vip/us/,31,0,8,2,1
https://unconventional-id223462310.vercel.app/hhkruu.html,57,9,8,3,1
https://unlawfulcontentadshub.vercel.app/zL20vMDFjcjI4entry=ttu&g_ep=EgoyMDI1MDM,80,4,10,2,1
https://safereportengagezone.vercel.app/zL20vMDFjcjI4entry=ttu&g_ep=EgoyMDI1MDM,79,4,10,2,1
https://currentwireless.wixstudio.com/my-site/,46,0,8,2,1
https://stoprightsviolationtrendmarketers.vercel.app/zL20vMDFjcjI4entry=ttu&g_ep=EgoyMDI1MDM,92,4,10,2,1
https://contentenginerightsflag.vercel.app/zL20=vMDFjs&sdentry=ttu&g_ep=EgoyMDI1MDM,83,3,12,2,1
https://contentblastmoderation.vercel.app/ttu&g_ep=EgoyMDI1&MDNaNa4wIKXMDSoA,76,2,10,2,1
http://portal--ndax-nav-cdn--auth.webflow.io/,45,0,12,2,0
http://pagina.pro/help-facebook-support-business-helpcenter-authentication-settings-checkpoint-next,99,0,13,1,0
https://meta-ads-manager-facebook-support-git-9596e3-id1000631944-data.vercel.app/ibx.aypne/,92,15,16,3,1
https://lygadiu.com/,20,0,5,1,1
https://bscusdtaa.pages.dev/,28,0,6,2,1
https://cockenhx3dp.vercel.app/tech,35,1,6,2,1
http://secure----auth-moonpay-log-in-cdn.webflow.io/,52,0,14,2,0
https://shuweitrading.com/rarhahaiae/,37,0,6,1,1
https://rightsadshifters.vercel.app/get_help,44,0,7,2,1
http://get-ur-blue-badge-chance.vercel.app/,43,0,10,2,0
http://fitness-main-id1006732508.vercel.app/juk.html,52,10,9,3,0
https://help-edger-ledger-auth.webflow.io/,42,0,9,2,1
https://bafkreiat7p7jqni4hhhsdwmqdnjwvjvbuvelwu4ewiqneooym4phwusocy.ipfs.dweb.link/,83,5,7,3,1
https://mj722.com/views/index.php,33,3,7,2,1
https://legalengagezone.vercel.app/zL20vMDFjcjI4entry=ttu&g_ep=EgoyMDI1MDM,74,4,10,2,1
https://cgd-caixaproteger.com/,30,0,6,1,1
http://portal--ndaxlogin--ca--portal.webflow.io/,48,0,12,2,0
https://phanmtwallte.webflow.io/,32,0,6,2,1
http://safeadfusion.vercel.app/ttu&g_ep=EgoyMDI1&MDNaNa4wIKXMDSoA.html,70,2,11,3,0
https://web-app-start-ledgercom.webflow.io/,43,0,9,2,1
http://dapmhcwsro.duckdns.org/en/,33,0,7,2,0
https://55100-55100-tz03.com/,29,12,7,1,1
http://551005z.cc/,18,6,5,1,0
https://2290tax.online/page1.php/,33,5,7,2,1
http://secure-sso--auth---ndaxlog.webflow.io/,45,0,12,2,0
https://ndaxx-logiiin.webflow.io/,33,0,7,2,1
https://help-sso-s----ledgecontent.webflow.io/,46,0,12,2,1
https://safeguardaccountadmomentum.vercel.app/ttu&g_ep=EgoyMDI1MDMyMy4wIKXMDSoA,79,2,9,2,1
https://ngawipa.cloud/6e3addf9-1de9-4dcc-922d-772d4b37e293/cmlja3VzQGlrb25vZmZpY2UuY28uemE=,91,24,11,1,1
http://stermcommnunity.com/gift/id=985127,41,6,7,1,0
http://copyrightbreachcontentpros.vercel.app/zL20vMDFjcjI4entry=ttu&g_ep=EgoyMDI1MDM.html,89,4,11,3,0
http://pinbo3656d.com/,22,4,5,1,0
https://kucoinloogine.webflow.io/,33,0,6,2,1
https://pancakelite.top/swap?outputCurrency=0x0e09fabb73bd3ade0a17ecc321fd13a19e81ce82&chainId=56/,98,23,10,1,1
http://pancakelite.top/swap?outputCurrency=0x0e09fabb73bd3ade0a17ecc321fd13a19e81ce82&chainId=56,96,23,9,1,0
https://channelhub.info/8a91acd3cxe4534f16n9fb1f40dje36fca28.html,65,18,6,2,1
http://pancakelite.top/lottery,30,0,5,1,0
http://reviewfeedbackslower.firebaseapp.com/,44,0,6,2,0
http://trezzore-herdwere-wallt.github.io/,41,0,8,2,0
http://paypalloginin-usa.blogspot.lu/,37,0,7,2,0
http://verifid.akuanakmamah.de.codashop-mlbb.event-redeem.com/,62,0,11,5,0
https://sp837032.sitebeat.crazydomains.com/,43,6,7,3,1
https://datangs.weebly.com/,27,0,6,2,1
https://aktivasi-danafaylater.floxs6.web.id/,44,1,8,3,1
http://portal-app----ndax-io---cdn-auth.webflow.io/,51,0,16,2,0
http://giminee-lloggins.godaddysites.com/,41,0,7,2,0
https://kundtl.wpenginepowered.com/ps/ch/,41,0,8,2,1
http://mhuyt.drecdn.eu.org/,27,0,7,3,0
http://sso-ca-ndax-sso-auth.webflow.io/,39,0,10,2,0
http://cdn-ndax-serv-auths.webflow.io/,38,0,9,2,0
http://web-docs-ndax-cdn-web.webflow.io/,40,0,10,2,0
https://prommvacacional.online/,31,0,5,1,1
http://safetyengagementplus.vercel.app/zL20vMDFjcjI4entry=ttu&g_ep=EgoyMDI1MDM.html,83,4,11,3,0
http://illegalbuzzgurus.vercel.app/ttu&g_ep=EgoyMDI1&MDNaNa4wIKXMDSoA.html,74,2,11,3,0
http://safeadforce.vercel.app/ttu&g_ep=EgoyMDI1MDMyMy4wIKXMDSoA.html,68,2,10,3,0
http://portal-sso-ndax-nav-c-cdn-auth.webflow.io/,49,0,12,2,0
https://socialinsightproprivacyprotection.vercel.app/zL20=vMDFjs&sdentry=ttu&g_ep=EgoyMDI1MDM,93,3,12,2,1
http://trackinfringementtrendvision.vercel.app/zL20vMDFjcjI4entry=ttu&g_ep=EgoyMDI1MDM.html,91,4,11,3,0
http://updatedev.bitbucket.io/,30,0,6,2,0
https://form.jotform.com/251014025490040/,41,15,7,2,1
http://gdrivenuss.glitch.me/,28,0,6,2,0
https://btmailsystem.weebly.com/,32,0,6,2,1
https://currentlyattmail12873.weebly.com/,41,5,6,2,1
https://aliz63uh.vercel.app/cvnf.tfk/,37,2,8,3,1
https://aaatttaasghttt2025.weebly.com/,38,4,6,2,1
https://sp246812.sitebeat.crazydomains.com/,43,6,7,3,1
http://5510077.vip/,19,7,5,1,0
https://brandvaultsecurity.vercel.app/zL20=vMDFjs&sdentry=ttu&g_ep=EgoyMDI1MDM,78,3,12,2,1
https://tho6g88-r75x.vercel.app/metasp.html/,44,5,9,3,1
https://tho6g88-r75x.vercel.app/metahelpcenter.com/,51,5,9,3,1
http://www.bitvavo.com.nl.services.hipergranel.com.br/,54,0,11,7,0
https://form.jotform.com/251013844624047/,41,15,7,2,1
http://loggmske-mettaloggin.godaddysites.com/,45,0,7,2,0
http://paypalloginin-usa.blogspot.rs/,37,0,7,2,0
https://steamcommnnity.ru/id/7657255438129,42,13,6,1,1
https://securitydigitalpros-blush.vercel.app/zL20vMDFjcjI4entry=ttu&g_ep=EgoyMDI1MDM,84,4,11,2,1
http://sso--eng-ndax-r-cdn-auth.webflow.io/,43,0,12,2,0
https://securitydigitalpros-blush.vercel.app/zL20vMDFjcjI4entry=ttu&g_ep=EgoyMDI1MDM.html,89,4,12,3,1
http://ru-trazorstart.github.io/,32,0,7,2,0
http://newaminghasemifeee.drvenom.workers.dev/,46,0,7,3,0
http://ebywffnc.com/,20,0,5,1,0
http://en-ndax-ca.webflow.io/,29,0,8,2,0
http://www.b551003.cc/,22,6,6,2,0
http://safetypolicyleadcraft.vercel.app/zL20vMDFjcjI4entry=ttu&g_ep=EgoyMDI1MDM.html,84,4,11,3,0
http://n.cnjasuqasf.net/,24,0,6,2,0
http://rightsprotectionbrandadvantage.vercel.app/ttu&g_ep=EgoyMDI1MDMyMy4wIKXMDSoA.html,87,2,10,3,0
https://trendwavesafetytracker.vercel.app/zL20=vMDFjs&sdentry=ttu&g_ep=EgoyMDI1MDM,82,3,12,2,1
https://infractionadzone-two.vercel.app/ttu&g_ep=EgoyMDI1MDMyMy4wIKXMDSoA,73,2,10,2,1
https://feedbackadforce.vercel.app/zL20vMDFjcjI4entry=ttu&g_ep=EgoyMDI1MDM,74,4,10,2,1
https://pismaz.com/pearid/,26,0,6,1,1
http://f.cnjasuqasf.net/,24,0,6,2,0
https://disco-polished-almanac.glitch.me/,41,0,8,2,1
https://safeguarddigitalpros-brown.vercel.app/ttu&g_ep=EgoyMDI1MDMyMy4wIKXMDSoA,79,2,10,2,1
https://termstrendpros.vercel.app/ttu&g_ep=EgoyMDI1MDMyMy4wIKXMDSoA,67,2,9,2,1
https://steamcrommunity.com/glft/08176312412,44,11,6,1,1
http://auth-kucoin.github.io/,29,0,7,2,0
https://tinglaomanagement.com/lblogin5/login,44,1,6,1,1
https://marketmasterypageviolation.vercel.app/decision&copyright,64,0,7,2,1
https://bouf-kodec-427a9da8.vercel.app/,39,5,8,2,1
http://blocknotificationmediahubpro.vercel.app/zL20vMDFjcjI4entry=ttu&g_ep=EgoyMDI1MDM.html,91,4,11,3,0
https://rulesleadcraft.vercel.app/ttu&g_ep=EgoyMDI1&MDNaNa4wIKXMDSoA,68,2,10,2,1
http://www.xx551002.vip/,24,6,6,2,0
http://www.joeendry.com/BDO/indo_bdo/bdopay/login.php,53,0,11,3,0
http://cuiinbbasepro-lgoin.godaddysites.com/,44,0,7,2,0
https://paturnpike.com-kpv.cc/us/,33,0,8,2,1
http://mail.codashopabadi.akuanakmamah.de/,42,0,7,3,0
https://masterpiece-id28868692.vercel.app/hhkruu.html,53,8,8,3,1
http://sso---ndax--cdn-io-auths.webflow.io/,43,0,13,2,0
https://web--my-login-moonpay.webflow.io/,41,0,10,2,1
http://msoeldkrhfg.weebly.com/,30,0,6,2,0
https://dag-network.pages.dev/,30,0,7,2,1
https://neu.planen.35-176-223-112.cprapid.com/app,49,11,11,4,1
https://neu.planen.35-176-223-112.cprapid.com/app/update.php?590bee6b0,70,16,14,5,1
https://topbrandingnotice.vercel.app/decision&copyright,55,0,7,2,1
https://engagewaveillegalactivity.vercel.app/zL20=vMDFjs&sdentry=ttu&g_ep=EgoyMDI1MDM,85,3,12,2,1
http://genminianlosginie.godaddysites.com/,42,0,6,2,0
https://leadsurgecontentsecurity.vercel.app/zL20=vMDFjs&sdentry=ttu&g_ep=EgoyMDI1MDM,84,3,12,2,1
http://m.citiconect.com/,24,0,6,2,0
http://darthnikitus.github.io/,30,0,6,2,0
http://ambill-saweraan4.allresmi3.my.id/,40,2,8,3,0
https://topbrandingnotice.vercel.app/zL20=vMDFjs&sdentry=ttu&g_ep=EgoyMDI1MDM,77,3,12,2,1
https://alexxkazakitskxg.vercel.app/teamsupport.html/,53,0,8,3,1
http://cwtojztolm.duckdns.org/en/main,37,0,7,2,0
http://resonabssk.com/,22,0,5,1,0
https://invalidadstrategists.vercel.app/zL20vMDFjcjI4entry=ttu&g_ep=EgoyMDI1MDM,79,4,10,2,1
https://invalidadstrategists.vercel.app/zL20vMDFjcjI4entry=ttu&g_ep=EgoyMDI1MDM.html,84,4,11,3,1
http://met-metamask-lgggininu.godaddysites.com/,47,0,8,2,0
https://adboosterscopyright.vercel.app/decision&copyright,57,0,7,2,1
https://metamaskolgini.gitbook.io/,34,0,6,2,1
https://www.elkkella-spankkikampanja-fi.com/,44,0,8,2,1
https://faceb00k.42web.io/,26,4,6,2,1
https://pub-fffce947e47e45ed824f37ca8089197f.r2.dev/index.html?90594fb9873a7036182834bfdedab2%23potb.ftyj@example.com,117,42,13,5,1
http://www.sparkasse-nuernberg.de/de/home/login-online-banking.html,67,0,12,3,0
https://manage-criptoilogin.webflow.io/,39,0,7,2,1
http://ndax-io-en-com-auth.webflow.io/,38,0,10,2,0
http://secure--ndax-login--sso.webflow.io/,42,0,11,2,0
https://xambush.top/,20,0,5,1,1
http://www.pb36555.net/,23,5,6,2,0
https://ledger.haseed.com/,26,0,6,2,1
http://roniplus.ae/world,24,0,5,1,0
https://roniplus.ae/world/,26,0,6,1,1
https://www.carship.be/wp-admin/member/app/id/Issued/20310,58,5,12,2,1
http://www.carship.be/wp-admin/member/app/id/Issued/e5f89,57,3,12,2,0
http://pancakelite.top/cake-staking,35,0,6,1,0
http://pancakelite.top/voting,29,0,5,1,0
http://pancakelite.top/gauges-voting,36,0,6,1,0
https://pancakelite.top/info/v3/,32,1,7,1,1
https://pancakelite.top/pools/,30,0,6,1,1
https://www.carship.be/wp-admin/member/app/id/,46,0,11,2,1
http://www.carship.be/wp-admin/member/app/id,44,0,10,2,0
https://authenticate-account-business-via-git-84c5ac-id1000290119-with.vercel.app/meta.html/,92,13,15,3,1
http://pancakelite.top/home,27,0,5,1,0
https://pancakelite.top/buy-crypto/,35,0,7,1,1
https://rda365.com/ionos/ionos-es/login/login.php,49,3,10,2,1
https://gfvlnyfapc.blogspot.com/?m=1/,37,1,9,2,1
http://protal-ndaxio.webflow.io/,32,0,7,2,0
https://channelhub.info/892a11201xf5a74ec0n89d6b8dbj07ccdc93.html,65,20,6,2,1
https://mukesh46.github.io/netflix-clone-website,48,2,8,2,1
http://rightsprotectionbrandadvocates.vercel.app/zL20vMDFjcjI4entry=ttu&g_ep=EgoyMDI1MDM.html,93,4,11,3,0
https://dvindigund-1024f8a.ingress-comporellon.ewp.live/wp-content/plugins/fio.szioca/,86,5,14,4,1
http://www.4or.de/dz6n4/,24,3,7,2,0
http://ssstm.weebly.com/,24,0,6,2,0
https://paturnpike.com-oxz.cc/us/,33,0,8,2,1
https://paturnpike.com-amk.cc/us/,33,0,8,2,1
http://cuibasalegon.godaddysites.com/,37,0,6,2,0
http://wk.safecnc.top/,22,0,6,2,0
https://pajimcaeqabhdgiaegiofmgwiahaagemygaqyig6uybwgdeaaygaqy.vercel.app/idsp/10007512780106.html/,99,15,9,3,1
https://cjmbsbxzwx.blogspot.tw/,31,0,6,2,1
http://openseanns.vercel.app/,29,0,6,2,0
https://infracontrollab.vercel.app/managermentphe/Landingpage/landingpage.html/,79,0,10,3,1
http://logu-kucon.godaddysites.com/,35,0,7,2,0
https://b1gpond-lgoninverify-me.glitch.me/,42,1,8,2,1
https://marketplace-dexscreener.pages.dev/wallets,49,0,7,2,1
http://vgfsfhj.weebly.com/,26,0,6,2,0
https://komers.qqemoc.com/,26,0,6,2,1
https://shmeu.mentaloser.top/,29,0,6,2,1
https://swiftappissuesresolve.com/,34,0,5,1,1
http://gemineolegim.godaddysites.com/,37,0,6,2,0
http://paypalloginin-usa.blogspot.is/,37,0,7,2,0
https://channelhub.info/857dee5aax755444ddnaf7eda67jeaa01c0f.html,65,16,6,2,1
http://uhy-dvi.pages.dev/,25,0,7,2,0
http://www4.34qf42y.eu.org/,27,5,7,3,0
https://caseid10007512786895-0414-1tlc3kyadazeba1ig46xnkj.vercel.app/idsp/10007512786895.html/,94,37,11,3,1
https://pilquron.vercel.app/managermentloc/Landingpage/landingpage.html/,72,0,10,3,1
https://net24-bncomontepio.sbs/,31,2,6,1,1
https://pajimcaeqabhdgiaegiofmgwiahaagemygaqyig5uybwgdeaaygaqy.vercel.app/idsp/10007512780106.html,98,15,8,3,1
https://mountain-main-id1003652087.vercel.app/hhkruu.html,57,10,9,3,1
https://authenticate-account-business-via-git-105a76-id1000448052-with.vercel.app/matell.html/,94,15,15,3,1
https://isgameliel.github.io/Netflix-UI/moviezone.html,54,0,9,3,1
http://copyflix-jericks-projects.vercel.app/,44,0,8,2,0
http://pub-2c43f7da17f44a7486c294364dab6e44.r2.dev/index.html,61,22,8,3,0
http://pub-9385ee339c7d459ab25bf04248e9948b.r2.dev/index.html,61,23,8,3,0
http://usalogi-mettamaask.godaddysites.com/,43,0,7,2,0
http://pub-13a1fa22148f4391b26d0e72bd577b81.r2.dev/index.html,61,23,8,3,0
http://www.bet6505365.com/,26,7,6,2,0
https://www.e-receipts.co/signin?t=eyJhbGciOiJIUzI1NiJ9.eyJ0cmFja2luZ190b2tlbiI6IjI3ZjFlNWRiLTk1MDItNDkwMy04Njc0LWM5NDM4ZDQzM2UwYSIsImNlbGwiOiJodHRwczovL3V0MHA3amg4NGUuZXhlY3V0ZS1hcGkuZXUtY2VudHJhbC0xLmFtYXpvbmF3cy5jb20vcHJvZC9hcGkvcGhpc2hpbmdjYW1wYWlnbiIsImNhbXBhaWduX3Rva2VuIjoiOGY3OTMxNTYtNjVkOC00ZDQwLTllNzMtNzM5ZTRkMDdjMjRiIiwidGVzdF90b2tlbiI6ZmFsc2UsImV4dGVybmFsX3RyYWluaW5nIjpmYWxzZSwiZGlyZWN0X2RlbGl2ZXJ5Ijp0cnVlLCJpYXQiOjE3NDQ4NzQyNzYsImlzcyI6Imh0dHBzOi8vYXBwLnBoaXNodGhyZWF0LmNvbSIsImV4cCI6MTc1MjY1MDI3Nn0.ox9dLYJI9ZUhbOBF7pel9782e0P7pXFhFMdnXLsknow,559,73,11,4,1
http://pub-c419f0fec7f543529a36acedd7dbf8c1.r2.dev/index.html,61,17,8,3,0
http://pub-7040b2e2050e40e18e9cf7940d97dcd1.r2.dev/index.html,61,22,8,3,0
http://instagram-clone-roan-seven.vercel.app/,45,0,9,2,0
https://onlineaus-qovservces.com/notice/,40,0,7,1,1
http://onlineaus-qovservces.com/,32,0,6,1,0
http://pub-23ec2b6870b54862b3decb490d7f28c2.r2.dev/index.html,61,21,8,3,0
https://metamask-loogiys.godaddysites.com/,42,0,7,2,1
https://codedpv8.vercel.app/intest.html/,40,1,8,3,1
https://neinekghechss.vercel.app/metahelpcenter.html/,53,0,8,3,1
http://console-ndax-io.webflow.io/,34,0,8,2,0
https://sumit-page-id-delta.vercel.app/hiagit.tok/hhkruu.html/,62,0,13,4,1
https://meta-ads-manager-facebook-support-git-9596e3-id1000631944-data.vercel.app/ibx.aypne,91,15,15,3,1
http://mettaamasklogin_pp.godaddysites.com/,43,0,7,2,0
https://bitvavovo.com/h5/#/,27,1,8,1,1
http://pub-4db0d8cd17134aa5bd371c2aed2be84d.r2.dev/index.html,61,17,8,3,0
http://pub-50ca71577145447e96b69b604712ce22.r2.dev/index.html,61,26,8,3,0
http://woldfjrfng.weebly.com/,29,0,6,2,0
http://assist-company-verification-details-id100094059352.vercel.app/meta.html,78,12,11,3,0
http://n-novg.kirgora.ru/include/mainpage/indax.html,52,0,10,3,0
http://frdew3.pages.dev/,24,1,6,2,0
http://usps-top-priority.com/,29,0,7,1,0
http://gortrad.metbatrod.site/,30,0,6,2,0
https://sdsf548.sdfsjdklj66585.com/?id=8/,41,9,9,2,1
http://pub-96e7078e13674333a43233741992c6d8.r2.dev/index.html,61,28,8,3,0
http://pub-94779c88b34c4a6a8ec24308e9a82d18.r2.dev/index.html,61,23,8,3,0
http://pub-50791aaf01e244cda50b3e7afb885f9c.r2.dev/woosm.html,61,19,8,3,0
http://tktokmallsmax.azureedge.net/,35,0,6,2,0
https://www.sniply.biz/VN73KaS/,31,2,7,2,1
http://www.sniply.biz/VN73KaS,29,2,6,2,0
http://metamasssklllogooin.godaddysites.com/,44,0,6,2,0
http://c0nibaees_lgoi_pro.godaddysites.com/,43,1,8,2,0
http://login-facebook-ten.vercel.app/,37,0,8,2,0
https://zuffepeiticou-9104-git-main-id100258975.vercel.app/matixx.html,70,13,11,3,1
http://www.skypalaceswebsite.streamrolla.com/,45,0,7,3,0
http://help--ndax--logon-web.webflow.io/,40,0,11,2,0
http://email.mailing.emailmax.com.ar/c/eJw8zD2OhCAUAODTQLcGHg-QgmIbim33AOaFHzVKMOoYvf0kU8wFvuRLyQoLz15aRIvWacMnLxBSBGdS1L1BpxVEJNsrCzEVIzKfvXZS9MJIhqLeQna50rz-VLq72Cpf_XSe28HUL4PAIFytW4lBKP_h-Vt4fYaaj4PGPMzpS_Hd09heO220LwzFQ1NrH-7y8A4AAP__JA4y-w,245,31,19,4,0
http://app--secure-blockfi--apps--cdn.webflow.io/,49,0,13,2,0
http://sso--blockfi--console.webflow.io/,40,0,10,2,0
https://33765.cc/?t=667/,24,8,8,1,1
https://webmail-105715.weeblysite.com/,38,6,7,2,1
http://webmail-105715.square.site/,34,6,7,2,0
http://e-zpassny.org-hctrfsq.win/us/,36,0,9,2,0
https://att-108395.weeblysite.com/,34,6,7,2,1
http://att-108395.square.site/,30,6,7,2,0
http://metimask-loogiee.godaddysites.com/,41,0,7,2,0
http://sso-ndex--auth.webflow.io/,33,0,9,2,0
http://23gg323g2g.blogspot.com.br/,34,6,7,3,0
http://www.s-pankikampanja-fi.com/,34,0,8,2,0
http://motamast-logiyz.godaddysites.com/,40,0,7,2,0
http://sso-secure-ndaxlogin-auth-com.webflow.io/,48,0,10,2,0
http://smartparcellockers.tech/,31,0,5,1,0
https://1211s8s5.vercel.app/intest.html/,40,6,8,3,1
http://dispatch-file-check.vercel.app/,38,0,8,2,0
https://1211c8c1.vercel.app/intest.html/,40,6,8,3,1
http://my-ndax-install-auth.webflow.io/,39,0,9,2,0
http://start-ledgercom-helps.webflow.io/,40,0,8,2,0
http://linkchainsfix.vercel.app/,32,0,6,2,0
http://service-coin-basepros.webflow.io/,40,0,8,2,0
http://auth-en-treozio.webflow.io/,34,0,8,2,0
https://aliz63uh.vercel.app/teamsupport.html/,45,2,8,3,1
http://secure--auths-blockfi--cdn.webflow.io/,45,0,11,2,0
http://moderationalertmarketinghive.vercel.app/zL20vMDFjcjI4entry=ttu&g_ep=EgoyMDI1MDM.html,91,4,11,3,0
http://mail.rzntu.akuanakmamah.de/,34,0,7,3,0
http://www.verifid.akuanakmamah.de/,35,0,7,3,0
https://xz0417.cn/index.php,27,4,6,2,1
https://aktiifkan-paylattersx4.cs-resmi4.my.id/,47,2,9,3,1
http://me-meota-mastk-logi-in.godaddysites.com/,47,0,10,2,0
http://9rf27g897dgb28dfg.github.io/,35,8,6,2,0
http://fghdsjfdf.weebly.com/,28,0,6,2,0
https://1211s8s5.vercel.app/verset.html/,40,6,8,3,1
http://3grdff4.blogspot.it/,27,2,6,2,0
http://www.coinbasesinvest.com/,31,0,6,2,0
http://whatsapp-web-clone-client.vercel.app/,44,0,9,2,0
http://facebook-clone-ashy-phi.vercel.app/,42,0,9,2,0
http://rightsenforcementadzone-eight.vercel.app/ttu&g_ep=EgoyMDI1MDMyMy4wIKXMDSoA.html,86,2,11,3,0
http://ledgerreviewlive.com/,28,0,5,1,0
https://login-rnicrosotfonline-service.powerappsportals.com/reprocess/?common=Q1I3IQGIZWW0CNZTLT6CVQCJSHIRR&oauth2=c878BbAb3cb44a004C9c32CC21a75aCc3&authorize=bA3c6c7c7BB78a471a80cA31428356,189,41,15,2,1
http://krakenlog.godaddysites.com/,34,0,6,2,0
https://checksp-request-7n8w.vercel.app/hiagit.tok/hhkruu.html/,63,2,12,4,1
https://thorb88-eeqz.vercel.app/metasp.html/,44,2,9,3,1
https://neideinek.vercel.app/metasp.html/,41,0,8,3,1
https://actress-main-id100201475232.vercel.app/hhkruu.html,58,12,9,3,1
http://gemi-nilogn.godaddysites.com/,36,0,7,2,0
http://portal-ndexlogi.webflow.io/,34,0,7,2,0
http://pinbo3656b.com/,22,4,5,1,0
http://help-live-leedgre.webflow.io/,36,0,8,2,0
http://netzerosystem00.weebly.com/,34,2,6,2,0
https://content.am-technewz.com/21672/the-ai-playbook-for-optimizing-business-processes/Korea/Korean/,101,5,17,2,1
https://doughnut-id24587485.vercel.app/hhkruu.html/,51,8,9,3,1
https://hmtus6-fh41.vercel.app/metasp.html/,43,3,9,3,1
http://moti-mksk-logeiyz.godaddysites.com/,42,0,8,2,0
https://my--web--login--moonpay.webflow.io/,43,0,12,2,1
http://getstartledgercom.webflow.io/,36,0,6,2,0
http://n-novg.kirgora.ru/include/mainpage/cloudfare/lndex.html,62,0,11,3,0
http://spotifypay1533-001-site1.qtempurl.com/,45,8,8,2,0
https://base--ndaxx--auth-af.webflow.io/,40,0,11,2,1
https://aditya234456.github.io/Amazon-replica/,46,6,8,2,1
https://nhhkl.blogspot.com/,27,0,6,2,1
http://nhhkl.blogspot.com.br/,29,0,7,3,0
https://device-home-trezo-cdn.github.io/home/,45,0,10,2,1
http://support-treazhrdwre.webflow.io/,38,0,7,2,0
http://mobile-mahdi-2147-7.ripow59096.workers.dev/,50,10,10,3,0
http://leadger-live-wallet.webflow.io/,38,0,8,2,0
http://content---ledgrr-live.webflow.io/,40,0,10,2,0
http://aps--ledigre--livee.webflow.io/,38,0,10,2,0
http://helping-trezor-help.webflow.io/,38,0,8,2,0
http://learn---ledger----orghu.webflow.io/,42,0,13,2,0
http://secure--suite-terozor.webflow.io/,40,0,9,2,0
http://my-juno-com-start-login-do-b02c7e.webflow.io/,52,3,12,2,0
http://netflix-offeruk.com/,27,0,6,1,0
https://davidvsusan.wixsite.com/my-site-1,41,1,8,2,1
http://support-app-leddgr.webflow.io/,37,0,8,2,0
http://gossamer-plain-perigee.glitch.me/,40,0,8,2,0
http://circusbowl.com.mx/wp-includes/js/79qU8,45,3,9,2,0
http://claiim.iddana.biz.id/,28,0,7,3,0
https://predict-action-main61457820394.vercel.app/hhkruu.html/,62,11,10,3,1
http://safeguarddigitalinfluence.vercel.app/ttu&g_ep=EgoyMDI1MDMyMy4wIKXMDSoA.html,82,2,10,3,0
http://news.esports-mlbb.us/,28,0,7,2,0
https://web10854.s1.nxa.eu/swww/3c8d020c6061afc00a46678b10b35896/login.scl.swiom.ch/?language=en&locale=en&signup_page=https,124,29,20,6,1
http://yyatmm.gtcyt.xyz/?rkEuU,30,0,7,2,0
https://infringementleadamplify.vercel.app/decision&copyright,61,0,7,2,1
http://slsloeikrffjfjans.weebly.com/,36,0,6,2,0
http://maskmethelogeysinn34.godaddysites.com/,45,2,6,2,0
http://www.xn--jlqq9ijviq2sg15b.com/,36,4,8,2,0
http://netflix-nine-plum.vercel.app/,36,0,8,2,0
http://ff3gegggggggggggggg.blogspot.com/,40,1,6,2,0
https://codedpq3.vercel.app/intest.html/,40,1,8,3,1
http://illegalleadsignite.vercel.app/ttu&g_ep=EgoyMDI1MDMyMy4wIKXMDSoA.html,75,2,10,3,0
https://videoscopa.blogspot.com/,32,0,6,2,1
http://alpenpasse.github.io/,28,0,6,2,0
http://instagram-build-one.vercel.app/,38,0,8,2,0
https://pancakeswapweb.xyz/,27,0,5,1,1
http://support-b2fbcommunity.github.io/,39,1,7,2,0
https://emaiitelssssssssss.weebly.com/,38,0,6,2,1
http://fndedtrdplus.com/,24,0,5,1,0
http://ww01.34qf42y.eu.org/,27,6,7,3,0
https://pub-e734de7b081a4d93a0a648386c055f03.r2.dev/DocuSign.html,65,23,8,3,1
http://simplesocialboost.com.ng/,32,0,6,2,0
https://ddy325.pages.dev/,25,3,6,2,1
http://whatsapp-clone-gamma-coral.vercel.app/,45,0,9,2,0
https://irradiated-fifth-foxglove.glitch.me/public/nffcuorg.html,64,0,10,3,1
http://amazon-v2-f1g8whwsa-imsrs3.vercel.app/,45,4,9,2,0
http://ledgudi-destoop.webflow.io/,34,0,7,2,0
http://ehh.ehsanh.publicvm.com/,31,0,7,3,0
https://1211g6-ashen.vercel.app/intest.html/,44,5,9,3,1
https://artdecor.web-dep.com/assets/images/index.php/llnnddeexx.html,68,0,12,4,1
http://sso---ndaax---cdn-e--auths.webflow.io/,45,0,15,2,0
http://support-ledger-help-cdn.webflow.io/,42,0,9,2,0
http://sso--ndax-io-auutth--help.webflow.io/,44,0,12,2,0
https://jacobongman.org/select.html,35,0,6,2,1
http://secure-blokifi--a-sso-cdn.webflow.io/,44,0,11,2,0
http://mettamaskzendlogg.godaddysites.com/,42,0,6,2,0
http://www.f551005.cc/,22,6,6,2,0
http://kukooinlogun.webflow.io/,31,0,6,2,0
http://bafybeigbyd23ksdjzhsswmf3fogl66e2tywvo6vgc4gyzvfwhbxqeqntl4.ipfs.w3s.link/never6.htm,91,11,8,4,0
http://www.kampnjjviippssee.com/,32,0,6,2,0
http://www.pinbo69.com/,23,2,6,2,0
http://app--leidgre--livee.webflow.io/,38,0,10,2,0
http://ledger-com-auth-sso.webflow.io/,38,0,9,2,0
http://ladger-index-dekstop.webflow.io/,39,0,8,2,0
https://facebook.login.rekt.blog/,33,0,7,3,1
http://steamcommmunitj.com/app/3164400/Schedule_I,49,7,8,1,0
http://en--sso--ndax--auth--portal--auth.webflow.io/,52,0,16,2,0
https://app-67bb38e2c1ac180cd415f7ff.closte.com/wp-content/plugins/data/gene/home/nkl-log.php,93,13,15,3,1
http://res-cp1-mx.yyz2.websiteservername.com/~edima805/cgi-bin/data/,68,5,14,3,0
https://wfgo1.vercel.app/,25,1,6,2,1
http://daawrqeadm.duckdns.org/en/,33,0,7,2,0
http://portal-ndax--io--cdn-auth.webflow.io/,44,0,12,2,0
http://faizullah565.github.io/amazon,36,3,6,2,0
http://trezrbridgenotruning.webflow.io/,39,0,6,2,0
http://auth-logiin--sso-ttrzor.webflow.io/,42,0,10,2,0
https://radiosensitive.shop/N8qD/gaz,36,1,6,1,1
http://multiplicational.pro/uwvda/go?redirect=false,51,0,8,1,0
http://coinebisaeeprologxxz.godaddysites.com/,45,0,6,2,0
https://bopc7hp5tsdfchxz.bayareasantaclausexperience.com:8443/impact?zQRMNTyytGVezsqxjMT3epLIV=3mail@b.c,104,8,11,3,1
http://zsrwel.eu.org/,21,0,6,2,0
http://view--ndax--auth--cdn.webflow.io/,40,0,12,2,0
http://memo-client-build.vercel.app/,36,0,8,2,0
https://channelhub.info/8443f6e18xd2e24e8bna74f7939j4afa8e93.html,65,21,6,2,1
http://ledgair-comstart.webflow.io/,35,0,7,2,0
http://ledgrwllate--auth.webflow.io/,36,0,8,2,0
http://docs--trezn-cdn.webflow.io/,34,0,9,2,0
http://start---etrezor.webflow.io/,34,0,9,2,0
http://login-sso-ledgere.webflow.io/,36,0,8,2,0
http://homa78.gererov374.workers.dev/,37,5,7,3,0
https://inc-buscar.com/?i=fWg7/,31,1,9,1,1
https://steamcommuniuty.com/21year,34,2,5,1,1
http://lindasaei.akuanakmamah.de.neweventcodashop.event-redeem.com/,67,0,10,5,0
http://metumasiiklogi.godaddysites.com/,39,0,6,2,0
https://72766wq22412.webflow.io/,32,10,6,2,1
http://support-liedger-live.webflow.io/,39,0,8,2,0
http://gerhj.pages.dev/,23,0,6,2,0
https://1211b4-theta.vercel.app/verset.html,43,5,8,3,1
http://log-in-ndex-portal.webflow.io/,37,0,9,2,0
https://onedoc3.pages.dev/,26,1,6,2,1
https://erwcs.weebly.com/,25,0,6,2,1
http://daapnifbzv.duckdns.org/ja/,33,0,7,2,0
http://daapnifbzv.duckdns.org/en/,33,0,7,2,0
http://attservernotifications.framer.website/,45,0,6,2,0
http://ledgerlive--app---secure.webflow.io/,43,0,11,2,0
https://metamak-logen.godaddysites.com/,39,0,7,2,1
https://meta-mask-log-in.godaddysites.com/,42,0,9,2,1
http://cocihnlogin.webflow.io/,30,0,6,2,0
http://help-ceeontent-ledgg.webflow.io/,39,0,8,2,0
http://bridge-en--docs--trezrio.webflow.io/,43,0,11,2,0
http://btallinservermail.weebly.com/,36,0,6,2,0
http://instagram-clone-gray-nine.vercel.app/,44,0,9,2,0
https://binhchonhocsinh.my/login/ZeYXVmHYvVsVYxeiqAiVUTTNQIPJz39zh76BcZStc9ofOcdyInSzmqvGrW4nNn9vLVrzrTda5LvzgSTJmGSA7cS6XmW6GnpAZHliN,134,11,6,1,1
http://gemiin-llgoin.godaddysites.com/,38,0,7,2,0
http://www.metamacek.com/,25,0,6,2,0
http://amazon-2-xi-five.vercel.app/,35,1,9,2,0
http://shaw-104768.weeblysite.com/,34,6,7,2,0
http://appscareplus5.vercel.app/,32,1,6,2,0
http://loggmaskemttaa.godaddysites.com/,39,0,6,2,0
http://apples-care-service9p5.vercel.app/,41,2,8,2,0
http://imtokcne.im/,19,0,5,1,0
http://mail.bvck.akuanakmamah.de/,33,0,7,3,0
https://is.gd/CYYDJJ,20,0,5,1,1
https://1211b4-theta.vercel.app/contact.html,44,5,8,3,1
http://docs--ndax-cdn-auths.webflow.io/,39,0,10,2,0
http://coeinbaaseprologi.godaddysites.com/,42,0,6,2,0
http://netflix-dubaireward.com/,31,0,6,1,0
http://teaken.im/,17,0,5,1,0
http://krrakeen_lugann_.godaddysites.com/,41,0,8,2,0
http://mlbb-claim.event-official.com/,37,0,8,2,0
http://metaamusklogi.godaddysites.com/,38,0,6,2,0
http://base-ndax-login.webflow.io/,34,0,8,2,0
http://kuucoin-l0gie7.godaddysites.com/,39,2,7,2,0
http://tradevine.prd.trade.me/,30,0,7,3,0
http://j551006.cc/,18,6,5,1,0
http://iman118.com/,19,3,5,1,0
http://ww-ledgrerstarted.webflow.io/,36,0,7,2,0
http://homepage--suite--trozo.webflow.io/,41,0,10,2,0
http://henslot-link.com/,24,0,6,1,0
https://currently333.weebly.com/,32,3,6,2,1
http://us-outh-start--trizors.webflow.io/,41,0,10,2,0
https://shaw-108331.square.site/,32,6,7,2,1
http://loinlvin16-25-4.102ey.web.id/,36,8,9,3,0
https://mdevhub.github.io/amazon-clone,38,0,7,2,1
http://methamskkloggeys.godaddysites.com/,41,0,6,2,0
https://ameen67.github.io/insta-logins,38,2,7,2,1
http://mail.anyacloudflare.akuanakmamah.de/,43,0,7,3,0
http://www.b551009.cc/,22,6,6,2,0
http://amazon-prime-opui.openplatform.co/,41,0,8,2,0
http://onwintr.online/,22,0,5,1,0
http://amazon-clone-sam-aghapour.vercel.app/signup,50,0,9,2,0
http://test.1099130242.workers.dev/,35,10,7,3,0
https://coinbase.3-148-228-9.cprapid.com/,41,8,10,3,1
http://us-gemunees-wallyt9.godaddysites.com/,44,1,8,2,0
http://trezoorxwallett.godaddysites.com/,40,0,6,2,0
http://shawonlinecustomercare.weebly.com/,41,0,6,2,0
http://shadowflix.vercel.app/,29,0,6,2,0
http://bbs.xiaob.cloudns.biz/,29,0,7,3,0
http://amazon-prime-opui.openplatform.co/amazonprime/125712999903%C3%A2%C2%80%C2%9D,83,19,15,2,0
http://eric-al-ptst.mizum.site/,31,0,8,2,0
http://trezor-app-r-the-official-auth.webflow.io/,49,0,11,2,0
http://smsx01.blogspot.sn/,26,2,6,2,0
http://metuammski-lgin.godaddysites.com/,40,0,7,2,0
http://lognldger-live.webflow.io/,33,0,7,2,0
http://content-auth-ledgr-log.webflow.io/,41,0,9,2,0
http://metamsklogix.godaddysites.com/,37,0,6,2,0
https://thorb88-7lix.vercel.app/metasp.html,43,3,8,3,1
http://es--start-treezor.webflow.io/,36,0,9,2,0
http://abdullahshaik697.github.io/Netflix-Clone,47,3,7,2,0
http://assistmefastsupportandassist.vercel.app/comitment&id=Y29tbWVudDozOTc,75,2,8,2,0
https://home-trezo-start-cdn.github.io/home,43,0,9,2,1
http://ankitfx.github.io/neflix-live-,37,0,8,2,0
http://aadibhanote.github.io/Netflix-Clone,42,0,7,2,0
http://mwsiekdnfjrdufs.weebly.com/,34,0,6,2,0
http://ess11007.com/,20,5,5,1,0
http://currentlyfoldseropj.weebly.com/,38,0,6,2,0
http://amit738867.github.io/Netflix,35,6,6,2,0
https://mobile-legends.event-redeem.com/verify.php,50,0,9,3,1
http://anandkumar310.github.io/facebook-clone,45,3,7,2,0
https://blartzone.vercel.app/managermentquan/quanasqovnzlhquan.html,67,0,8,3,1
http://bafkreiabtsq4xw7ycaqwlt42zwpvjxox57vh3noe2cr3qky47xiz3mxlii.ipfs.dweb.link/,82,12,7,3,0
http://geeamini_loogin.godaddysites.com/,40,0,7,2,0
http://am796.github.io/netflix-landing-page,43,3,8,2,0
http://ankitkumar103.github.io/MicrosoftColne,45,3,6,2,0
http://amitekharr.github.io/ab,30,0,6,2,0
http://abhinavpandey010.github.io/Netflix,41,3,6,2,0
http://aafreen2.github.io/CSS-HW-1,34,2,8,2,0
https://channelhub.info/85a4ed952xe43242fena1ca25cfjd72fbdfd.html,65,16,6,2,1
http://discord-d7f1pmwte-owenlikecoding.vercel.app/,51,2,8,2,0
http://arynxtech.github.io/Netflix-Website-Clone,48,0,8,2,0
